customer_id,customer_name,gender,age,city,signup_date
C0001,Meena,Male,25,Chennai,2024-04-27
C0002,Kavya,Male,19,Pune,2024-06-21
C0003,Meena,Female,19,Kolkata,2024-11-27
C0004,Suresh,Female,54,Bangalore,2025-08-15
C0005,Nisha,Male,30,Hyderabad,2025-02-17
C0006,Manoj,Female,31,Bangalore,2026-06-19
C0007,Vijay,Female,60,Bangalore,2025-08-14
C0008,Lakshmi,Female,44,Bangalore,2026-01-18
C0009,Keerthana,Female,49,Ahmedabad,2026-07-25
C0010,Suresh,Male,59,Chennai,2024-12-03
C0011,Ramesh,Male,31,Bangalore,2024-02-19
C0012,Arun,Male,42,Bangalore,2026-01-29
C0013,Arvind,Female,55,Delhi,2025-12-15
C0014,Kavya,Male,36,Bangalore,2025-03-13
C0015,Pooja,Female,37,Bangalore,2024-02-16
C0016,Meena,Female,54,Delhi,2026-04-03
C0017,Rahul,Male,18,Ahmedabad,2025-02-01
C0018,Ramesh,Female,51,Mumbai,2026-06-01
C0019,Manoj,Female,42,Mumbai,2026-06-19
C0020,Ramesh,Female,49,Delhi,2024-03-28
C0021,Divya,Female,40,Mumbai,2024-07-11
C0022,Lakshmi,Female,22,Ahmedabad,2025-08-09
C0023,Ramesh,Male,32,Ahmedabad,2025-10-19
C0024,Anjali,Female,30,Hyderabad,2025-12-06
C0025,Keerthana,Male,50,Hyderabad,2025-08-25
C0026,Arun,Male,35,Ahmedabad,2024-02-21
C0027,Harish,Male,50,Hyderabad,2024-03-11
C0028,Harish,Male,33,Pune,2023-12-03
C0029,Meena,Female,48,Mumbai,2025-01-24
C0030,Priya,Male,51,Delhi,2026-05-09
C0031,Pooja,Male,60,Chennai,2025-06-08
C0032,Divya,Male,52,Kolkata,2024-08-15
C0033,Pooja,Male,37,Pune,2024-06-26
C0034,Manoj,Female,52,Delhi,2024-02-09
C0035,Arvind,Female,19,Chennai,2025-07-10
C0036,Pooja,Male,58,Mumbai,2025-08-05
C0037,Anjali,Female,53,Bangalore,2025-01-01
C0038,Lakshmi,Female,23,Delhi,2024-07-31
C0039,Ajay,Female,29,Ahmedabad,2025-09-05
C0040,Manoj,Male,28,Delhi,2025-05-08
C0041,Keerthana,Female,51,Ahmedabad,2025-09-27
C0042,Suresh,Female,30,Hyderabad,2024-08-13
C0043,Nisha,Male,25,Ahmedabad,2025-09-08
C0044,Anjali,Female,24,Hyderabad,2026-01-03
C0045,Nisha,Female,29,Mumbai,2026-02-15
C0046,Anjali,Male,55,Bangalore,2024-05-21
C0047,Divya,Female,24,Bangalore,2026-01-29
C0048,Priya,Male,32,Chennai,2024-04-19
C0049,Nisha,Male,54,Kolkata,2024-07-23
C0050,Ajay,Male,22,Delhi,2025-12-15
C0051,Suresh,Male,20,Chennai,2025-04-23
C0052,Suresh,Female,39,Delhi,2026-03-22
C0053,Arun,Male,41,Ahmedabad,2026-03-19
C0054,Manoj,Male,38,Mumbai,2026-06-28
C0055,Pooja,Female,53,Bangalore,2025-06-16
C0056,Karthik,Male,44,Kolkata,2025-02-02
C0057,Arvind,Male,44,Ahmedabad,2026-04-15
C0058,Anjali,Male,40,Chennai,2025-09-11
C0059,Harish,Female,25,Ahmedabad,2025-11-13
C0060,Anjali,Male,41,Chennai,2025-07-23
C0061,Sneha,Female,38,Pune,2025-07-15
C0062,Nisha,Female,54,Pune,2025-02-26
C0063,Kavya,Female,19,Delhi,2026-01-27
C0064,Vijay,Female,60,Hyderabad,2024-01-22
C0065,Ajay,Female,46,Mumbai,2026-03-26
C0066,Nisha,Female,54,Mumbai,2026-07-09
C0067,Suresh,Male,47,Chennai,2024-07-26
C0068,Meena,Female,41,Mumbai,2026-05-26
C0069,Vijay,Male,19,Pune,2025-05-01
C0070,Harish,Male,24,Chennai,2026-06-03
C0071,Arun,Male,26,Chennai,2025-05-07
C0072,Nisha,Male,49,Delhi,2024-03-26
C0073,Pooja,Male,51,Delhi,2024-05-21
C0074,Kavya,Female,59,Ahmedabad,2026-04-25
C0075,Karthik,Male,45,Bangalore,2025-11-07
C0076,Vijay,Male,60,Bangalore,2023-12-10
C0077,Nisha,Female,49,Hyderabad,2024-12-21
C0078,Divya,Female,47,Kolkata,2025-06-28
C0079,Sneha,Female,18,Pune,2025-03-27
C0080,Karthik,Female,57,Bangalore,2024-06-25
C0081,Priya,Female,33,Pune,2024-06-14
C0082,Manoj,Female,42,Chennai,2026-07-04
C0083,Vijay,Female,39,Bangalore,2026-02-26
C0084,Rahul,Male,54,Delhi,2024-09-18
C0085,Harish,Male,25,Chennai,2025-04-13
C0086,Karthik,Female,33,Hyderabad,2025-12-18
C0087,Pooja,Male,38,Kolkata,2025-05-08
C0088,Lakshmi,Female,31,Kolkata,2024-03-27
C0089,Arvind,Female,30,Hyderabad,2023-12-15
C0090,Keerthana,Female,54,Hyderabad,2025-08-26
C0091,Manoj,Male,50,Hyderabad,2024-10-08
C0092,Arun,Male,39,Ahmedabad,2025-11-10
C0093,Arvind,Male,55,Mumbai,2023-11-08
C0094,Suresh,Female,42,Hyderabad,2026-03-02
C0095,Manoj,Male,53,Chennai,2026-03-25
C0096,Rahul,Female,51,Hyderabad,2024-07-24
C0097,Sneha,Male,52,Pune,2024-02-07
C0098,Suresh,Female,42,Ahmedabad,2025-04-17
C0099,Ramesh,Male,33,Hyderabad,2025-01-21
C0100,Karthik,Female,43,Hyderabad,2024-07-17
C0101,Nisha,Female,38,Ahmedabad,2026-07-03
C0102,Pooja,Female,38,Delhi,2026-07-02
C0103,Pooja,Female,43,Hyderabad,2026-06-11
C0104,Pooja,Female,50,Bangalore,2026-03-12
C0105,Anjali,Male,39,Delhi,2024-12-03
C0106,Arun,Female,55,Bangalore,2024-12-07
C0107,Divya,Female,54,Bangalore,2026-07-26
C0108,Nisha,Female,27,Delhi,2023-11-20
C0109,Suresh,Female,20,Hyderabad,2025-10-16
C0110,Anjali,Male,23,Delhi,2026-04-16
C0111,Kavya,Male,31,Mumbai,2025-07-11
C0112,Keerthana,Female,32,Chennai,2025-08-11
C0113,Arun,Male,57,Ahmedabad,2025-10-08
C0114,Harish,Female,43,Ahmedabad,2025-06-28
C0115,Manoj,Male,31,Bangalore,2025-04-12
C0116,Arvind,Female,51,Bangalore,2025-01-21
C0117,Ajay,Male,29,Kolkata,2026-05-26
C0118,Ramesh,Female,27,Chennai,2024-09-23
C0119,Harish,Male,59,Kolkata,2025-03-18
C0120,Rahul,Male,39,Mumbai,2026-03-03
C0121,Anjali,Female,24,Chennai,2024-06-05
C0122,Ramesh,Male,31,Delhi,2024-04-18
C0123,Priya,Male,43,Chennai,2023-11-07
C0124,Kavya,Male,35,Ahmedabad,2025-11-30
C0125,Harish,Female,54,Mumbai,2024-04-02
C0126,Ramesh,Female,38,Ahmedabad,2026-03-31
C0127,Rahul,Male,39,Hyderabad,2025-01-23
C0128,Anjali,Male,40,Kolkata,2024-06-04
C0129,Nisha,Male,52,Delhi,2025-07-14
C0130,Arvind,Female,60,Pune,2025-01-05
C0131,Ajay,Male,48,Delhi,2024-04-17
C0132,Harish,Male,46,Hyderabad,2025-07-24
C0133,Arvind,Male,29,Delhi,2026-06-13
C0134,Arvind,Male,49,Bangalore,2025-04-13
C0135,Nisha,Female,18,Ahmedabad,2025-11-03
C0136,Ajay,Male,54,Delhi,2024-08-13
C0137,Suresh,Male,30,Bangalore,2026-04-20
C0138,Sneha,Male,47,Hyderabad,2024-07-22
C0139,Ajay,Female,30,Mumbai,2023-12-20
C0140,Lakshmi,Female,52,Chennai,2024-05-02
C0141,Anjali,Female,56,Delhi,2024-06-20
C0142,Pooja,Female,38,Hyderabad,2025-07-19
C0143,Rahul,Female,53,Ahmedabad,2026-02-12
C0144,Vijay,Female,59,Chennai,2025-05-12
C0145,Divya,Female,42,Delhi,2025-08-13
C0146,Arun,Female,39,Ahmedabad,2025-12-13
C0147,Nisha,Male,44,Kolkata,2025-05-03
C0148,Rahul,Female,49,Ahmedabad,2024-06-24
C0149,Pooja,Male,18,Pune,2024-04-10
C0150,Priya,Female,47,Bangalore,2024-11-22
C0151,Arvind,Male,40,Delhi,2026-04-24
C0152,Keerthana,Male,21,Mumbai,2025-04-24
C0153,Karthik,Female,57,Ahmedabad,2024-10-25
C0154,Divya,Male,19,Mumbai,2026-04-06
C0155,Karthik,Female,35,Bangalore,2025-06-23
C0156,Kavya,Female,53,Mumbai,2023-12-04
C0157,Priya,Male,48,Kolkata,2024-09-18
C0158,Lakshmi,Male,18,Mumbai,2024-01-25
C0159,Anjali,Female,57,Pune,2024-10-04
C0160,Nisha,Female,45,Kolkata,2025-11-01
C0161,Rahul,Male,40,Delhi,2023-12-04
C0162,Anjali,Female,30,Bangalore,2026-07-23
C0163,Vijay,Male,28,Chennai,2026-07-07
C0164,Arvind,Male,39,Ahmedabad,2025-06-19
C0165,Manoj,Male,51,Mumbai,2024-04-02
C0166,Ramesh,Female,50,Bangalore,2026-06-14
C0167,Vijay,Female,48,Mumbai,2026-06-27
C0168,Pooja,Female,27,Ahmedabad,2025-06-21
C0169,Harish,Female,52,Bangalore,2025-07-22
C0170,Lakshmi,Male,49,Kolkata,2025-09-26
C0171,Priya,Female,40,Hyderabad,2025-03-15
C0172,Divya,Male,18,Ahmedabad,2026-06-26
C0173,Keerthana,Female,49,Bangalore,2024-05-04
C0174,Anjali,Female,41,Delhi,2025-09-14
C0175,Rahul,Female,35,Pune,2025-01-05
C0176,Keerthana,Female,20,Delhi,2025-10-03
C0177,Anjali,Male,30,Pune,2025-10-25
C0178,Kavya,Female,47,Bangalore,2024-04-13
C0179,Divya,Male,57,Bangalore,2025-05-24
C0180,Divya,Female,26,Pune,2026-04-04
C0181,Meena,Female,35,Kolkata,2026-06-14
C0182,Divya,Female,44,Hyderabad,2026-05-26
C0183,Lakshmi,Female,45,Ahmedabad,2023-12-14
C0184,Manoj,Female,23,Delhi,2024-11-23
C0185,Karthik,Female,32,Bangalore,2026-04-06
C0186,Kavya,Male,19,Ahmedabad,2024-11-10
C0187,Arun,Male,37,Ahmedabad,2026-03-07
C0188,Lakshmi,Male,29,Ahmedabad,2026-06-18
C0189,Divya,Female,57,Ahmedabad,2024-07-30
C0190,Lakshmi,Female,50,Pune,2024-05-02
C0191,Harish,Female,30,Hyderabad,2024-05-06
C0192,Manoj,Male,40,Pune,2024-05-13
C0193,Ramesh,Female,46,Chennai,2024-09-13
C0194,Rahul,Male,60,Chennai,2024-02-25
C0195,Vijay,Female,56,Ahmedabad,2025-08-05
C0196,Pooja,Female,31,Pune,2025-02-02
C0197,Harish,Male,34,Hyderabad,2024-05-12
C0198,Keerthana,Female,56,Kolkata,2024-02-27
C0199,Meena,Female,25,Mumbai,2024-02-15
C0200,Sneha,Female,21,Delhi,2026-07-11
C0201,Divya,Female,19,Bangalore,2024-08-23
C0202,Manoj,Male,32,Chennai,2026-01-19
C0203,Vijay,Male,60,Chennai,2023-11-07
C0204,Harish,Female,49,Pune,2023-12-30
C0205,Kavya,Male,26,Pune,2026-04-08
C0206,Rahul,Female,35,Chennai,2024-02-06
C0207,Suresh,Female,60,Hyderabad,2025-01-31
C0208,Ramesh,Male,26,Bangalore,2025-02-13
C0209,Divya,Male,30,Chennai,2025-08-09
C0210,Ajay,Male,46,Kolkata,2026-03-06
C0211,Sneha,Male,51,Pune,2025-11-09
C0212,Keerthana,Male,37,Delhi,2025-05-04
C0213,Anjali,Female,45,Delhi,2023-11-27
C0214,Harish,Male,52,Chennai,2026-07-29
C0215,Divya,Male,41,Hyderabad,2026-03-24
C0216,Divya,Male,60,Bangalore,2026-04-23
C0217,Meena,Female,51,Kolkata,2025-05-20
C0218,Ajay,Male,50,Kolkata,2024-06-20
C0219,Lakshmi,Female,54,Bangalore,2026-03-03
C0220,Priya,Female,22,Kolkata,2024-10-13
C0221,Sneha,Female,29,Bangalore,2025-12-23
C0222,Vijay,Female,47,Delhi,2026-04-01
C0223,Pooja,Female,28,Kolkata,2026-03-15
C0224,Pooja,Female,34,Ahmedabad,2026-02-13
C0225,Kavya,Male,38,Bangalore,2023-11-10
C0226,Ramesh,Male,27,Bangalore,2025-09-28
C0227,Arvind,Female,38,Pune,2023-11-18
C0228,Meena,Male,18,Pune,2026-01-01
C0229,Kavya,Female,50,Pune,2025-05-03
C0230,Vijay,Female,51,Delhi,2024-08-20
C0231,Harish,Male,23,Hyderabad,2025-03-31
C0232,Priya,Male,25,Kolkata,2025-12-13
C0233,Lakshmi,Female,32,Chennai,2025-05-30
C0234,Vijay,Male,58,Ahmedabad,2024-02-24
C0235,Vijay,Male,33,Kolkata,2025-04-11
C0236,Priya,Female,33,Bangalore,2024-02-19
C0237,Rahul,Female,34,Mumbai,2026-02-18
C0238,Anjali,Male,52,Hyderabad,2024-09-13
C0239,Arun,Male,20,Ahmedabad,2025-04-06
C0240,Harish,Male,30,Pune,2024-07-13
C0241,Vijay,Male,54,Mumbai,2026-05-15
C0242,Nisha,Male,58,Mumbai,2026-06-11
C0243,Sneha,Female,20,Pune,2025-03-02
C0244,Rahul,Male,55,Kolkata,2024-04-02
C0245,Ramesh,Male,50,Ahmedabad,2023-11-20
C0246,Ajay,Female,39,Mumbai,2024-05-02
C0247,Kavya,Female,57,Ahmedabad,2025-01-03
C0248,Anjali,Male,42,Mumbai,2024-10-30
C0249,Vijay,Female,52,Pune,2025-11-28
C0250,Karthik,Female,21,Chennai,2025-05-01
C0251,Arvind,Male,26,Kolkata,2023-12-29
C0252,Ajay,Female,52,Hyderabad,2024-01-14
C0253,Meena,Male,58,Delhi,2024-01-22
C0254,Sneha,Female,59,Hyderabad,2025-04-02
C0255,Harish,Female,43,Pune,2025-04-08
C0256,Suresh,Female,49,Pune,2026-04-02
C0257,Nisha,Male,28,Bangalore,2026-03-14
C0258,Nisha,Female,54,Delhi,2024-05-08
C0259,Divya,Male,31,Kolkata,2024-10-30
C0260,Harish,Female,34,Kolkata,2026-02-02
C0261,Pooja,Male,21,Chennai,2025-10-06
C0262,Arvind,Male,50,Chennai,2024-06-16
C0263,Arun,Male,56,Ahmedabad,2026-05-10
C0264,Divya,Male,18,Delhi,2024-10-31
C0265,Vijay,Female,24,Mumbai,2025-12-17
C0266,Ramesh,Female,44,Pune,2025-07-13
C0267,Sneha,Female,56,Hyderabad,2026-04-28
C0268,Divya,Male,31,Ahmedabad,2024-03-26
C0269,Nisha,Male,50,Mumbai,2025-03-22
C0270,Sneha,Male,48,Bangalore,2024-12-03
C0271,Sneha,Female,21,Kolkata,2024-02-14
C0272,Priya,Male,33,Delhi,2025-03-26
C0273,Arun,Male,55,Delhi,2025-01-09
C0274,Manoj,Female,60,Delhi,2024-09-13
C0275,Nisha,Female,40,Bangalore,2026-05-28
C0276,Meena,Male,36,Delhi,2025-03-04
C0277,Divya,Male,26,Chennai,2024-12-23
C0278,Divya,Male,39,Ahmedabad,2025-08-29
C0279,Sneha,Female,52,Delhi,2026-06-23
C0280,Lakshmi,Male,41,Chennai,2026-04-10
C0281,Rahul,Male,44,Hyderabad,2025-07-02
C0282,Anjali,Female,50,Mumbai,2026-03-26
C0283,Lakshmi,Male,45,Pune,2025-07-04
C0284,Kavya,Male,40,Chennai,2024-12-25
C0285,Ajay,Male,27,Kolkata,2024-05-10
C0286,Kavya,Male,46,Pune,2026-03-17
C0287,Meena,Female,45,Ahmedabad,2025-02-20
C0288,Anjali,Female,56,Hyderabad,2024-02-27
C0289,Kavya,Female,32,Delhi,2024-07-14
C0290,Sneha,Female,32,Mumbai,2024-11-18
C0291,Suresh,Female,28,Chennai,2024-12-30
C0292,Ramesh,Male,40,Pune,2025-01-20
C0293,Priya,Female,37,Mumbai,2024-11-21
C0294,Divya,Male,41,Pune,2024-01-28
C0295,Arun,Male,18,Chennai,2025-10-12
C0296,Pooja,Male,44,Pune,2025-08-19
C0297,Rahul,Male,18,Chennai,2026-07-06
C0298,Ajay,Male,50,Kolkata,2026-07-05
C0299,Meena,Male,39,Delhi,2024-02-19
C0300,Sneha,Male,49,Mumbai,2026-01-31
C0301,Arvind,Female,56,Delhi,2024-03-19
C0302,Manoj,Male,20,Ahmedabad,2025-05-06
C0303,Ramesh,Female,30,Delhi,2025-05-01
C0304,Divya,Male,44,Delhi,2025-07-21
C0305,Rahul,Male,54,Pune,2023-12-31
C0306,Kavya,Female,59,Mumbai,2024-04-29
C0307,Keerthana,Female,44,Kolkata,2026-04-02
C0308,Pooja,Female,29,Kolkata,2026-07-21
C0309,Divya,Female,23,Mumbai,2026-06-25
C0310,Ajay,Female,30,Kolkata,2026-02-05
C0311,Harish,Female,27,Hyderabad,2025-09-14
C0312,Karthik,Female,42,Kolkata,2024-09-26
C0313,Keerthana,Female,19,Kolkata,2026-02-15
C0314,Suresh,Male,46,Mumbai,2024-04-30
C0315,Rahul,Female,28,Chennai,2025-03-29
C0316,Kavya,Male,42,Chennai,2025-01-22
C0317,Rahul,Female,28,Ahmedabad,2026-04-17
C0318,Meena,Female,37,Chennai,2024-11-05
C0319,Harish,Male,47,Bangalore,2025-12-09
C0320,Kavya,Male,50,Chennai,2024-03-03
C0321,Vijay,Female,30,Delhi,2024-01-02
C0322,Karthik,Male,58,Mumbai,2025-10-12
C0323,Karthik,Female,47,Hyderabad,2024-07-14
C0324,Arvind,Female,28,Chennai,2024-02-01
C0325,Karthik,Male,56,Bangalore,2025-09-21
C0326,Arun,Female,57,Kolkata,2024-06-18
C0327,Anjali,Female,23,Kolkata,2025-07-06
C0328,Ramesh,Female,35,Hyderabad,2024-05-24
C0329,Vijay,Male,41,Hyderabad,2025-08-16
C0330,Suresh,Female,30,Ahmedabad,2024-08-31
C0331,Rahul,Female,53,Ahmedabad,2026-06-12
C0332,Nisha,Male,41,Pune,2024-06-18
C0333,Harish,Male,21,Kolkata,2024-09-04
C0334,Priya,Female,54,Kolkata,2026-02-11
C0335,Arvind,Female,51,Pune,2025-01-05
C0336,Ramesh,Female,23,Kolkata,2026-03-17
C0337,Vijay,Male,54,Pune,2026-04-08
C0338,Divya,Male,53,Delhi,2026-02-24
C0339,Meena,Female,29,Ahmedabad,2025-05-25
C0340,Arun,Female,47,Hyderabad,2024-11-26
C0341,Arvind,Male,50,Pune,2024-10-15
C0342,Arun,Male,52,Delhi,2025-05-20
C0343,Arvind,Male,27,Ahmedabad,2025-06-25
C0344,Arun,Female,19,Pune,2024-09-27
C0345,Arun,Male,36,Bangalore,2026-07-25
C0346,Kavya,Male,52,Bangalore,2024-03-24
C0347,Harish,Female,41,Pune,2025-03-05
C0348,Nisha,Female,18,Kolkata,2024-09-24
C0349,Rahul,Male,40,Hyderabad,2025-11-08
C0350,Lakshmi,Male,40,Pune,2025-08-23
C0351,Nisha,Male,24,Mumbai,2024-10-30
C0352,Priya,Male,51,Mumbai,2024-08-05
C0353,Arvind,Female,58,Bangalore,2024-02-03
C0354,Nisha,Female,31,Ahmedabad,2023-12-09
C0355,Manoj,Female,51,Ahmedabad,2024-11-18
C0356,Pooja,Female,56,Chennai,2026-03-08
C0357,Arvind,Male,53,Bangalore,2025-12-26
C0358,Keerthana,Male,27,Hyderabad,2025-05-07
C0359,Suresh,Female,49,Mumbai,2024-01-16
C0360,Kavya,Female,30,Delhi,2024-06-28
C0361,Nisha,Female,39,Hyderabad,2026-06-05
C0362,Priya,Male,52,Chennai,2025-01-18
C0363,Arvind,Female,27,Mumbai,2024-10-02
C0364,Meena,Male,20,Mumbai,2025-07-04
C0365,Nisha,Female,36,Hyderabad,2023-12-02
C0366,Arun,Male,18,Hyderabad,2025-12-22
C0367,Anjali,Female,32,Mumbai,2023-11-08
C0368,Arvind,Female,38,Hyderabad,2026-06-25
C0369,Kavya,Female,51,Hyderabad,2024-05-31
C0370,Ajay,Male,40,Chennai,2025-07-16
C0371,Keerthana,Male,53,Mumbai,2024-01-22
C0372,Karthik,Male,52,Delhi,2024-02-10
C0373,Pooja,Female,31,Delhi,2026-01-26
C0374,Keerthana,Female,42,Hyderabad,2026-02-04
C0375,Nisha,Male,36,Kolkata,2025-04-01
C0376,Vijay,Male,19,Hyderabad,2026-02-02
C0377,Lakshmi,Female,53,Pune,2026-01-07
C0378,Karthik,Female,39,Chennai,2026-03-30
C0379,Divya,Female,50,Ahmedabad,2025-09-01
C0380,Suresh,Female,40,Pune,2024-12-04
C0381,Divya,Male,54,Bangalore,2026-05-08
C0382,Meena,Female,19,Kolkata,2024-08-11
C0383,Manoj,Female,29,Ahmedabad,2024-07-01
C0384,Vijay,Female,25,Chennai,2025-04-13
C0385,Manoj,Female,60,Bangalore,2023-12-31
C0386,Anjali,Female,22,Ahmedabad,2025-11-09
C0387,Priya,Male,44,Pune,2025-08-05
C0388,Arvind,Male,59,Bangalore,2026-04-28
C0389,Karthik,Male,22,Hyderabad,2026-07-31
C0390,Rahul,Female,21,Kolkata,2025-02-08
C0391,Meena,Female,49,Delhi,2024-12-27
C0392,Nisha,Male,30,Ahmedabad,2026-01-20
C0393,Lakshmi,Female,35,Hyderabad,2026-07-19
C0394,Suresh,Male,27,Mumbai,2024-03-14
C0395,Nisha,Female,55,Delhi,2025-06-12
C0396,Anjali,Male,57,Bangalore,2025-09-16
C0397,Arun,Male,35,Pune,2024-03-21
C0398,Arun,Female,56,Bangalore,2025-11-03
C0399,Priya,Female,38,Delhi,2026-03-12
C0400,Ramesh,Male,29,Pune,2025-05-13
C0401,Anjali,Male,29,Chennai,2023-11-09
C0402,Kavya,Female,47,Kolkata,2024-08-21
C0403,Priya,Male,60,Pune,2025-10-10
C0404,Ajay,Female,33,Pune,2025-07-04
C0405,Sneha,Male,23,Kolkata,2024-12-08
C0406,Suresh,Male,60,Mumbai,2025-08-19
C0407,Ramesh,Male,33,Ahmedabad,2026-04-04
C0408,Pooja,Male,40,Delhi,2025-12-02
C0409,Rahul,Female,56,Ahmedabad,2024-06-25
C0410,Arun,Male,43,Bangalore,2025-09-20
C0411,Harish,Male,30,Chennai,2025-05-27
C0412,Sneha,Female,37,Kolkata,2025-08-20
C0413,Meena,Male,35,Hyderabad,2025-04-03
C0414,Pooja,Male,23,Delhi,2025-04-08
C0415,Vijay,Male,29,Delhi,2024-05-12
C0416,Meena,Male,38,Kolkata,2024-05-27
C0417,Arun,Male,23,Mumbai,2026-04-28
C0418,Priya,Female,32,Mumbai,2025-02-15
C0419,Meena,Male,25,Hyderabad,2024-06-04
C0420,Nisha,Male,30,Mumbai,2024-05-02
C0421,Vijay,Female,28,Mumbai,2025-05-02
C0422,Vijay,Male,28,Delhi,2023-12-20
C0423,Suresh,Male,32,Hyderabad,2026-04-24
C0424,Divya,Male,54,Hyderabad,2024-10-01
C0425,Arvind,Male,43,Kolkata,2026-05-15
C0426,Priya,Female,36,Bangalore,2024-10-31
C0427,Ramesh,Female,57,Kolkata,2025-03-01
C0428,Divya,Male,30,Mumbai,2024-10-07
C0429,Keerthana,Female,58,Pune,2024-11-24
C0430,Meena,Female,22,Hyderabad,2026-01-24
C0431,Anjali,Female,37,Kolkata,2026-06-23
C0432,Suresh,Male,33,Chennai,2024-01-02
C0433,Harish,Female,45,Bangalore,2025-01-08
C0434,Anjali,Male,22,Mumbai,2024-07-14
C0435,Nisha,Male,18,Hyderabad,2024-03-20
C0436,Ramesh,Male,27,Chennai,2026-02-09
C0437,Karthik,Male,36,Chennai,2026-07-17
C0438,Priya,Male,20,Delhi,2025-06-28
C0439,Nisha,Male,31,Mumbai,2025-03-16
C0440,Kavya,Male,22,Chennai,2026-03-10
C0441,Anjali,Male,46,Bangalore,2023-12-22
C0442,Vijay,Female,20,Delhi,2023-12-12
C0443,Anjali,Female,34,Delhi,2026-01-01
C0444,Rahul,Female,44,Kolkata,2026-03-01
C0445,Anjali,Male,32,Bangalore,2025-01-03
C0446,Manoj,Female,20,Ahmedabad,2024-01-10
C0447,Karthik,Female,60,Mumbai,2025-12-10
C0448,Priya,Male,30,Bangalore,2024-03-29
C0449,Suresh,Male,58,Kolkata,2023-12-09
C0450,Anjali,Female,53,Mumbai,2023-12-01
C0451,Karthik,Female,49,Hyderabad,2025-10-26
C0452,Manoj,Female,41,Chennai,2025-04-19
C0453,Suresh,Female,30,Pune,2023-12-04
C0454,Suresh,Female,48,Chennai,2024-02-20
C0455,Ramesh,Male,48,Hyderabad,2024-12-03
C0456,Keerthana,Male,60,Delhi,2025-03-23
C0457,Arun,Male,56,Pune,2024-07-03
C0458,Pooja,Male,19,Chennai,2026-06-06
C0459,Ajay,Male,26,Chennai,2026-03-23
C0460,Rahul,Female,47,Mumbai,2023-11-27
C0461,Arvind,Female,26,Mumbai,2026-07-02
C0462,Lakshmi,Male,43,Bangalore,2024-03-19
C0463,Ramesh,Male,38,Hyderabad,2026-07-07
C0464,Suresh,Female,46,Bangalore,2025-10-11
C0465,Arvind,Female,37,Hyderabad,2025-08-21
C0466,Suresh,Female,38,Kolkata,2026-03-16
C0467,Karthik,Male,55,Chennai,2024-06-26
C0468,Sneha,Male,41,Bangalore,2024-07-06
C0469,Anjali,Female,35,Pune,2024-03-17
C0470,Lakshmi,Female,46,Hyderabad,2025-06-02
C0471,Nisha,Male,19,Bangalore,2025-09-27
C0472,Keerthana,Male,28,Hyderabad,2024-04-06
C0473,Manoj,Female,56,Mumbai,2024-04-12
C0474,Anjali,Female,38,Pune,2024-02-25
C0475,Priya,Female,40,Kolkata,2025-06-30
C0476,Priya,Female,45,Kolkata,2024-09-28
C0477,Keerthana,Male,24,Mumbai,2025-11-07
C0478,Arvind,Female,42,Bangalore,2025-10-09
C0479,Arvind,Female,30,Ahmedabad,2024-03-22
C0480,Sneha,Female,57,Delhi,2024-02-23
C0481,Ajay,Male,54,Kolkata,2024-11-17
C0482,Priya,Female,34,Ahmedabad,2025-02-24
C0483,Karthik,Female,46,Kolkata,2026-07-31
C0484,Suresh,Female,49,Chennai,2025-12-04
C0485,Ajay,Male,44,Pune,2024-08-23
C0486,Pooja,Male,57,Hyderabad,2023-12-15
C0487,Pooja,Female,50,Delhi,2024-12-02
C0488,Priya,Male,35,Mumbai,2026-03-28
C0489,Lakshmi,Female,19,Pune,2024-12-22
C0490,Rahul,Male,18,Delhi,2025-05-18
C0491,Karthik,Female,56,Ahmedabad,2024-04-01
C0492,Meena,Male,34,Hyderabad,2026-04-15
C0493,Ramesh,Male,23,Kolkata,2025-05-22
C0494,Suresh,Male,40,Ahmedabad,2026-01-29
C0495,Sneha,Male,58,Delhi,2025-12-18
C0496,Manoj,Male,18,Kolkata,2025-03-11
C0497,Harish,Female,59,Ahmedabad,2024-06-04
C0498,Rahul,Male,58,Ahmedabad,2026-01-09
C0499,Keerthana,Female,18,Ahmedabad,2024-10-23
C0500,Harish,Male,60,Bangalore,2025-09-10
C0501,Priya,Female,29,Bangalore,2026-07-06
C0502,Kavya,Female,19,Delhi,2026-07-25
C0503,Kavya,Male,55,Delhi,2026-07-03
C0504,Anjali,Female,31,Pune,2024-03-10
C0505,Ramesh,Female,56,Bangalore,2024-03-08
C0506,Arun,Male,43,Mumbai,2024-12-08
C0507,Pooja,Male,18,Hyderabad,2024-04-07
C0508,Nisha,Male,19,Bangalore,2024-03-20
C0509,Harish,Female,40,Kolkata,2024-08-01
C0510,Pooja,Male,45,Chennai,2024-05-16
C0511,Sneha,Female,27,Bangalore,2024-09-24
C0512,Arun,Female,60,Ahmedabad,2026-06-27
C0513,Meena,Male,44,Ahmedabad,2025-02-26
C0514,Rahul,Female,33,Chennai,2025-09-29
C0515,Arun,Female,40,Delhi,2025-12-03
C0516,Nisha,Male,33,Kolkata,2025-12-24
C0517,Vijay,Male,45,Hyderabad,2025-09-12
C0518,Kavya,Male,54,Ahmedabad,2024-04-11
C0519,Harish,Female,58,Bangalore,2026-01-15
C0520,Anjali,Female,43,Chennai,2024-02-27
C0521,Arvind,Female,37,Bangalore,2025-12-22
C0522,Divya,Female,55,Bangalore,2024-08-18
C0523,Sneha,Female,48,Ahmedabad,2024-08-28
C0524,Anjali,Male,37,Bangalore,2024-06-17
C0525,Karthik,Male,18,Chennai,2024-11-01
C0526,Karthik,Male,59,Ahmedabad,2024-08-16
C0527,Karthik,Male,44,Kolkata,2024-06-09
C0528,Kavya,Male,49,Bangalore,2024-09-10
C0529,Ramesh,Male,45,Ahmedabad,2026-01-02
C0530,Anjali,Male,27,Pune,2024-01-09
C0531,Arun,Male,42,Delhi,2024-08-30
C0532,Kavya,Male,37,Chennai,2025-05-28
C0533,Priya,Male,56,Ahmedabad,2026-04-19
C0534,Pooja,Male,33,Mumbai,2025-12-23
C0535,Vijay,Female,32,Ahmedabad,2025-12-03
C0536,Divya,Female,59,Delhi,2024-01-14
C0537,Manoj,Male,48,Delhi,2025-01-23
C0538,Divya,Male,21,Kolkata,2024-09-18
C0539,Divya,Female,39,Hyderabad,2024-09-17
C0540,Ramesh,Male,20,Mumbai,2024-05-18
C0541,Vijay,Female,32,Pune,2025-03-28
C0542,Sneha,Male,59,Bangalore,2024-11-04
C0543,Nisha,Male,53,Mumbai,2025-04-27
C0544,Manoj,Female,53,Pune,2024-04-22
C0545,Harish,Female,41,Chennai,2024-11-23
C0546,Lakshmi,Male,23,Mumbai,2026-06-07
C0547,Harish,Female,26,Mumbai,2024-05-31
C0548,Keerthana,Male,43,Pune,2025-11-29
C0549,Manoj,Female,49,Kolkata,2024-11-19
C0550,Nisha,Female,35,Kolkata,2026-02-23
C0551,Arun,Male,45,Hyderabad,2024-03-06
C0552,Harish,Male,19,Delhi,2024-09-30
C0553,Sneha,Female,24,Hyderabad,2025-08-29
C0554,Karthik,Male,37,Mumbai,2024-04-05
C0555,Manoj,Female,57,Pune,2024-08-06
C0556,Ajay,Female,36,Hyderabad,2025-12-16
C0557,Arvind,Male,38,Kolkata,2025-07-16
C0558,Keerthana,Female,51,Mumbai,2025-11-03
C0559,Keerthana,Female,49,Chennai,2024-10-21
C0560,Ajay,Female,25,Pune,2025-06-07
C0561,Anjali,Male,26,Chennai,2026-03-04
C0562,Keerthana,Female,37,Kolkata,2024-07-03
C0563,Nisha,Female,55,Bangalore,2026-03-27
C0564,Ajay,Male,43,Delhi,2025-02-11
C0565,Divya,Male,45,Bangalore,2023-11-11
C0566,Manoj,Female,33,Kolkata,2026-03-16
C0567,Rahul,Female,51,Chennai,2024-07-08
C0568,Keerthana,Female,30,Mumbai,2025-09-22
C0569,Lakshmi,Female,44,Delhi,2024-12-20
C0570,Keerthana,Male,23,Delhi,2023-12-06
C0571,Kavya,Male,47,Hyderabad,2024-11-09
C0572,Karthik,Female,27,Mumbai,2025-01-18
C0573,Karthik,Female,56,Delhi,2025-05-09
C0574,Arun,Male,27,Delhi,2025-02-04
C0575,Suresh,Female,37,Kolkata,2024-06-23
C0576,Suresh,Female,19,Bangalore,2025-09-04
C0577,Arun,Male,45,Kolkata,2025-03-18
C0578,Ramesh,Female,27,Hyderabad,2024-03-06
C0579,Sneha,Male,52,Hyderabad,2024-02-03
C0580,Arun,Female,60,Delhi,2024-12-17
C0581,Arun,Female,28,Mumbai,2026-06-09
C0582,Nisha,Female,42,Delhi,2026-07-26
C0583,Lakshmi,Female,47,Chennai,2024-10-06
C0584,Rahul,Male,52,Delhi,2025-08-13
C0585,Karthik,Female,37,Mumbai,2024-01-31
C0586,Manoj,Female,42,Hyderabad,2026-03-13
C0587,Divya,Male,59,Pune,2026-02-01
C0588,Kavya,Male,38,Delhi,2025-05-22
C0589,Meena,Female,24,Kolkata,2024-08-11
C0590,Sneha,Female,47,Hyderabad,2026-06-25
C0591,Rahul,Female,34,Chennai,2025-07-27
C0592,Suresh,Male,35,Kolkata,2026-05-23
C0593,Manoj,Female,26,Ahmedabad,2025-04-20
C0594,Anjali,Male,31,Delhi,2025-02-03
C0595,Pooja,Male,26,Hyderabad,2024-01-10
C0596,Rahul,Female,32,Bangalore,2024-05-24
C0597,Pooja,Female,31,Ahmedabad,2025-07-09
C0598,Karthik,Male,42,Ahmedabad,2024-04-15
C0599,Arvind,Female,37,Kolkata,2025-08-13
C0600,Suresh,Male,38,Delhi,2024-10-06
C0601,Harish,Male,22,Kolkata,2026-06-21
C0602,Ramesh,Female,19,Ahmedabad,2025-12-10
C0603,Lakshmi,Female,26,Delhi,2024-10-25
C0604,Kavya,Female,57,Bangalore,2024-10-14
C0605,Ajay,Male,29,Kolkata,2025-03-30
C0606,Vijay,Female,52,Delhi,2024-08-11
C0607,Lakshmi,Female,18,Ahmedabad,2025-04-02
C0608,Divya,Female,51,Pune,2025-04-20
C0609,Divya,Male,24,Ahmedabad,2026-05-26
C0610,Divya,Female,25,Mumbai,2025-07-14
C0611,Divya,Male,45,Ahmedabad,2025-10-20
C0612,Arvind,Female,35,Delhi,2024-02-17
C0613,Kavya,Female,22,Mumbai,2026-06-22
C0614,Nisha,Female,59,Hyderabad,2025-10-24
C0615,Karthik,Female,46,Ahmedabad,2025-05-08
C0616,Meena,Male,20,Bangalore,2024-08-15
C0617,Keerthana,Female,21,Ahmedabad,2025-03-30
C0618,Arun,Female,30,Bangalore,2024-01-09
C0619,Ajay,Male,58,Ahmedabad,2025-09-07
C0620,Arvind,Male,26,Mumbai,2024-11-11
C0621,Priya,Female,36,Kolkata,2024-02-20
C0622,Nisha,Male,49,Pune,2023-12-17
C0623,Rahul,Male,33,Hyderabad,2026-05-08
C0624,Priya,Male,57,Hyderabad,2025-03-15
C0625,Rahul,Female,60,Ahmedabad,2025-01-27
C0626,Priya,Male,40,Bangalore,2024-12-01
C0627,Pooja,Male,57,Mumbai,2026-01-31
C0628,Arun,Female,36,Ahmedabad,2024-09-24
C0629,Nisha,Female,25,Mumbai,2026-05-12
C0630,Divya,Female,24,Delhi,2024-01-25
C0631,Suresh,Male,33,Kolkata,2023-11-25
C0632,Vijay,Male,25,Bangalore,2024-07-13
C0633,Manoj,Female,46,Hyderabad,2026-07-10
C0634,Keerthana,Female,37,Kolkata,2025-01-31
C0635,Kavya,Female,48,Bangalore,2024-11-24
C0636,Suresh,Male,48,Kolkata,2025-05-04
C0637,Divya,Female,46,Mumbai,2025-12-31
C0638,Divya,Male,57,Chennai,2023-12-07
C0639,Pooja,Female,54,Pune,2024-04-18
C0640,Manoj,Male,52,Bangalore,2026-03-27
C0641,Sneha,Male,45,Pune,2026-04-28
C0642,Lakshmi,Female,25,Delhi,2024-01-04
C0643,Ajay,Female,49,Ahmedabad,2025-07-23
C0644,Keerthana,Male,21,Ahmedabad,2025-03-03
C0645,Rahul,Female,49,Mumbai,2025-01-25
C0646,Sneha,Male,30,Pune,2024-10-10
C0647,Suresh,Male,54,Delhi,2025-01-04
C0648,Suresh,Female,47,Ahmedabad,2025-08-12
C0649,Meena,Female,44,Ahmedabad,2025-08-10
C0650,Kavya,Female,28,Mumbai,2025-07-30
C0651,Anjali,Female,21,Bangalore,2023-11-24
C0652,Ramesh,Male,36,Pune,2024-05-02
C0653,Meena,Male,59,Delhi,2024-01-04
C0654,Rahul,Female,53,Kolkata,2026-05-24
C0655,Arun,Male,18,Hyderabad,2026-02-13
C0656,Pooja,Female,30,Mumbai,2026-07-19
C0657,Ramesh,Female,45,Pune,2026-02-10
C0658,Anjali,Male,49,Kolkata,2025-02-12
C0659,Anjali,Male,29,Chennai,2026-02-09
C0660,Meena,Female,36,Hyderabad,2024-07-24
C0661,Anjali,Male,46,Kolkata,2024-05-09
C0662,Suresh,Female,28,Bangalore,2026-02-23
C0663,Vijay,Female,35,Kolkata,2025-04-24
C0664,Arun,Female,21,Ahmedabad,2024-04-08
C0665,Ajay,Male,38,Hyderabad,2025-03-22
C0666,Rahul,Male,36,Delhi,2024-06-14
C0667,Suresh,Female,32,Kolkata,2026-07-14
C0668,Keerthana,Male,59,Pune,2024-07-15
C0669,Harish,Male,35,Mumbai,2024-11-10
C0670,Karthik,Female,48,Delhi,2026-06-12
C0671,Sneha,Male,36,Mumbai,2025-05-06
C0672,Keerthana,Male,52,Delhi,2026-01-30
C0673,Anjali,Female,57,Pune,2024-06-28
C0674,Lakshmi,Female,53,Pune,2024-09-08
C0675,Nisha,Male,43,Chennai,2024-09-24
C0676,Lakshmi,Female,40,Pune,2025-08-07
C0677,Suresh,Male,33,Ahmedabad,2025-08-05
C0678,Priya,Male,59,Mumbai,2024-06-27
C0679,Rahul,Female,26,Pune,2024-06-17
C0680,Karthik,Female,60,Delhi,2025-07-23
C0681,Manoj,Male,44,Pune,2026-03-01
C0682,Harish,Male,19,Kolkata,2025-11-07
C0683,Ajay,Male,56,Chennai,2026-02-06
C0684,Anjali,Female,20,Ahmedabad,2024-05-21
C0685,Divya,Female,31,Chennai,2024-08-10
C0686,Divya,Male,59,Ahmedabad,2024-03-31
C0687,Rahul,Female,42,Mumbai,2025-04-28
C0688,Nisha,Female,32,Kolkata,2023-12-27
C0689,Anjali,Male,58,Delhi,2024-04-10
C0690,Manoj,Female,49,Kolkata,2025-09-08
C0691,Arvind,Female,32,Chennai,2025-11-22
C0692,Arun,Male,33,Chennai,2024-12-24
C0693,Pooja,Male,36,Hyderabad,2025-03-22
C0694,Ramesh,Female,41,Pune,2023-11-07
C0695,Ajay,Female,46,Mumbai,2025-01-18
C0696,Anjali,Female,29,Hyderabad,2026-05-19
C0697,Lakshmi,Male,34,Chennai,2024-06-08
C0698,Meena,Female,21,Ahmedabad,2024-08-12
C0699,Arvind,Female,34,Ahmedabad,2025-11-04
C0700,Pooja,Male,30,Chennai,2025-08-21
C0701,Divya,Male,47,Hyderabad,2025-02-07
C0702,Ajay,Female,56,Hyderabad,2024-03-05
C0703,Anjali,Male,39,Kolkata,2026-07-13
C0704,Priya,Male,43,Bangalore,2025-01-16
C0705,Sneha,Male,22,Chennai,2026-05-18
C0706,Arun,Male,54,Mumbai,2025-12-20
C0707,Anjali,Female,21,Pune,2026-01-06
C0708,Kavya,Female,58,Hyderabad,2024-08-04
C0709,Manoj,Male,52,Pune,2024-11-03
C0710,Sneha,Female,49,Delhi,2024-10-12
C0711,Sneha,Male,48,Pune,2024-03-06
C0712,Meena,Female,26,Bangalore,2025-09-11
C0713,Lakshmi,Female,28,Mumbai,2024-03-20
C0714,Harish,Female,24,Hyderabad,2023-12-30
C0715,Ramesh,Female,36,Bangalore,2025-02-04
C0716,Manoj,Male,57,Kolkata,2024-11-18
C0717,Arun,Male,26,Hyderabad,2025-09-19
C0718,Karthik,Male,55,Kolkata,2026-07-08
C0719,Divya,Female,29,Mumbai,2024-03-05
C0720,Anjali,Female,18,Ahmedabad,2024-06-06
C0721,Manoj,Female,46,Pune,2024-07-09
C0722,Kavya,Female,31,Pune,2025-07-31
C0723,Kavya,Female,56,Chennai,2025-08-19
C0724,Meena,Female,19,Pune,2025-03-17
C0725,Sneha,Male,25,Chennai,2025-06-17
C0726,Sneha,Female,21,Delhi,2024-11-27
C0727,Kavya,Female,42,Pune,2024-07-19
C0728,Meena,Female,36,Pune,2024-06-18
C0729,Keerthana,Male,36,Mumbai,2025-12-09
C0730,Vijay,Female,27,Bangalore,2026-03-21
C0731,Arvind,Male,53,Delhi,2026-06-27
C0732,Meena,Female,31,Chennai,2025-02-15
C0733,Suresh,Male,43,Bangalore,2024-05-12
C0734,Meena,Female,35,Delhi,2024-07-20
C0735,Manoj,Male,52,Delhi,2024-12-12
C0736,Nisha,Male,39,Delhi,2024-08-22
C0737,Karthik,Male,37,Delhi,2023-12-03
C0738,Lakshmi,Male,50,Kolkata,2025-02-11
C0739,Meena,Female,19,Pune,2024-01-23
C0740,Arvind,Male,20,Bangalore,2026-04-27
C0741,Ramesh,Female,30,Bangalore,2025-09-12
C0742,Ramesh,Male,34,Ahmedabad,2024-09-24
C0743,Divya,Male,48,Pune,2024-10-16
C0744,Ajay,Male,53,Bangalore,2025-11-13
C0745,Lakshmi,Male,26,Kolkata,2024-12-08
C0746,Ajay,Female,27,Kolkata,2025-02-25
C0747,Meena,Female,21,Ahmedabad,2025-07-27
C0748,Arvind,Female,56,Bangalore,2026-04-13
C0749,Ramesh,Female,39,Mumbai,2024-03-23
C0750,Vijay,Female,32,Hyderabad,2025-06-07
C0751,Arun,Female,27,Mumbai,2025-10-02
C0752,Arun,Female,56,Chennai,2024-03-27
C0753,Lakshmi,Female,28,Mumbai,2024-02-18
C0754,Meena,Male,26,Bangalore,2025-10-01
C0755,Ramesh,Male,53,Bangalore,2025-11-21
C0756,Harish,Female,35,Hyderabad,2023-12-31
C0757,Divya,Female,50,Chennai,2024-01-22
C0758,Suresh,Male,59,Pune,2026-01-11
C0759,Pooja,Male,56,Hyderabad,2024-05-09
C0760,Meena,Male,42,Pune,2024-03-18
C0761,Suresh,Female,32,Pune,2024-03-27
C0762,Ajay,Male,28,Chennai,2026-08-01
C0763,Karthik,Female,25,Mumbai,2025-05-08
C0764,Sneha,Female,32,Chennai,2023-11-10
C0765,Manoj,Female,56,Pune,2024-11-07
C0766,Meena,Male,59,Hyderabad,2023-12-30
C0767,Keerthana,Male,26,Kolkata,2025-01-25
C0768,Rahul,Female,34,Hyderabad,2024-08-30
C0769,Lakshmi,Female,58,Chennai,2025-10-14
C0770,Arvind,Female,46,Bangalore,2025-12-19
C0771,Keerthana,Male,50,Delhi,2025-03-25
C0772,Ramesh,Male,32,Delhi,2024-07-15
C0773,Suresh,Male,26,Bangalore,2023-11-14
C0774,Lakshmi,Male,44,Delhi,2025-02-27
C0775,Lakshmi,Female,24,Chennai,2024-10-22
C0776,Divya,Female,56,Ahmedabad,2024-07-17
C0777,Kavya,Female,33,Hyderabad,2025-09-23
C0778,Sneha,Female,42,Kolkata,2024-12-01
C0779,Harish,Male,33,Kolkata,2025-04-16
C0780,Karthik,Female,46,Pune,2024-05-11
C0781,Sneha,Female,53,Hyderabad,2026-07-28
C0782,Manoj,Male,58,Hyderabad,2024-09-02
C0783,Arun,Female,38,Pune,2024-10-22
C0784,Vijay,Male,33,Ahmedabad,2026-05-28
C0785,Keerthana,Female,53,Ahmedabad,2024-03-27
C0786,Kavya,Male,26,Pune,2025-05-08
C0787,Nisha,Female,42,Pune,2026-02-26
C0788,Kavya,Male,23,Bangalore,2026-03-04
C0789,Harish,Female,45,Kolkata,2026-04-25
C0790,Divya,Female,25,Hyderabad,2025-03-18
C0791,Ramesh,Female,47,Delhi,2026-02-23
C0792,Divya,Female,21,Bangalore,2026-03-06
C0793,Rahul,Male,22,Chennai,2025-05-18
C0794,Ajay,Female,40,Pune,2025-02-05
C0795,Suresh,Female,38,Bangalore,2025-11-25
C0796,Ajay,Male,19,Chennai,2026-04-21
C0797,Sneha,Female,39,Ahmedabad,2026-04-30
C0798,Rahul,Male,45,Pune,2026-01-12
C0799,Rahul,Female,48,Hyderabad,2025-10-10
C0800,Lakshmi,Female,20,Bangalore,2024-07-22
C0801,Nisha,Male,41,Pune,2024-06-24
C0802,Divya,Male,24,Pune,2024-05-21
C0803,Nisha,Female,35,Delhi,2025-11-27
C0804,Ajay,Female,44,Ahmedabad,2024-05-19
C0805,Keerthana,Female,21,Ahmedabad,2026-05-19
C0806,Priya,Male,31,Hyderabad,2025-02-26
C0807,Manoj,Male,51,Pune,2025-08-27
C0808,Ramesh,Male,35,Hyderabad,2025-01-03
C0809,Arun,Male,23,Ahmedabad,2026-07-05
C0810,Ramesh,Female,38,Kolkata,2024-09-13
C0811,Arun,Male,53,Ahmedabad,2025-06-04
C0812,Anjali,Female,29,Chennai,2025-12-13
C0813,Manoj,Male,29,Mumbai,2024-05-30
C0814,Arvind,Male,35,Bangalore,2024-04-26
C0815,Arun,Female,23,Kolkata,2026-07-18
C0816,Suresh,Female,18,Bangalore,2024-09-17
C0817,Nisha,Male,34,Delhi,2023-12-24
C0818,Suresh,Male,46,Pune,2026-07-14
C0819,Suresh,Male,39,Bangalore,2025-05-09
C0820,Kavya,Female,34,Pune,2024-01-24
C0821,Ajay,Female,57,Delhi,2026-04-05
C0822,Lakshmi,Male,44,Mumbai,2023-12-28
C0823,Manoj,Male,52,Delhi,2024-10-04
C0824,Kavya,Female,21,Bangalore,2025-01-26
C0825,Arvind,Female,22,Mumbai,2025-05-07
C0826,Nisha,Female,58,Pune,2024-09-02
C0827,Priya,Male,39,Hyderabad,2026-07-08
C0828,Arvind,Male,25,Bangalore,2024-12-09
C0829,Nisha,Female,58,Kolkata,2026-05-25
C0830,Arvind,Female,30,Bangalore,2025-06-24
C0831,Ramesh,Female,45,Ahmedabad,2024-03-28
C0832,Arun,Female,55,Bangalore,2025-03-09
C0833,Ramesh,Female,41,Pune,2025-03-19
C0834,Arun,Female,25,Hyderabad,2024-07-23
C0835,Arun,Male,35,Delhi,2025-03-23
C0836,Keerthana,Female,54,Chennai,2024-01-13
C0837,Kavya,Male,41,Chennai,2025-09-14
C0838,Ramesh,Female,50,Kolkata,2024-06-25
C0839,Vijay,Female,55,Mumbai,2025-11-27
C0840,Ramesh,Male,25,Hyderabad,2025-08-26
C0841,Karthik,Female,58,Pune,2026-01-06
C0842,Lakshmi,Male,54,Kolkata,2024-03-20
C0843,Ramesh,Female,56,Delhi,2026-03-09
C0844,Lakshmi,Male,45,Delhi,2024-09-16
C0845,Rahul,Male,23,Kolkata,2025-06-29
C0846,Arun,Female,40,Kolkata,2024-01-29
C0847,Rahul,Male,45,Chennai,2024-11-17
C0848,Karthik,Female,58,Delhi,2025-03-07
C0849,Ajay,Male,53,Mumbai,2024-03-18
C0850,Vijay,Female,32,Kolkata,2026-02-25
C0851,Manoj,Male,26,Bangalore,2026-03-17
C0852,Suresh,Male,28,Hyderabad,2026-04-08
C0853,Ramesh,Male,18,Bangalore,2024-06-16
C0854,Nisha,Female,29,Kolkata,2024-01-30
C0855,Ajay,Female,30,Chennai,2025-05-09
C0856,Priya,Female,34,Pune,2025-11-16
C0857,Priya,Male,35,Pune,2024-10-23
C0858,Manoj,Female,36,Bangalore,2025-03-29
C0859,Meena,Male,35,Hyderabad,2024-12-31
C0860,Meena,Male,50,Mumbai,2025-12-14
C0861,Keerthana,Male,24,Kolkata,2024-09-26
C0862,Suresh,Female,52,Delhi,2026-06-19
C0863,Priya,Female,39,Mumbai,2024-07-16
C0864,Manoj,Female,19,Ahmedabad,2024-09-16
C0865,Rahul,Male,23,Pune,2025-12-23
C0866,Keerthana,Male,32,Delhi,2024-03-14
C0867,Ramesh,Male,32,Bangalore,2024-09-21
C0868,Kavya,Female,38,Bangalore,2026-01-16
C0869,Manoj,Male,49,Mumbai,2024-03-20
C0870,Arvind,Female,48,Hyderabad,2025-06-27
C0871,Ajay,Female,42,Kolkata,2026-07-08
C0872,Meena,Male,39,Kolkata,2026-02-06
C0873,Manoj,Male,29,Chennai,2025-12-25
C0874,Lakshmi,Female,18,Pune,2026-06-01
C0875,Arun,Male,45,Hyderabad,2025-01-22
C0876,Manoj,Female,44,Delhi,2024-11-06
C0877,Vijay,Female,47,Chennai,2025-11-01
C0878,Vijay,Male,54,Delhi,2023-12-30
C0879,Keerthana,Female,23,Bangalore,2025-08-26
C0880,Vijay,Female,20,Chennai,2025-09-01
C0881,Arun,Female,46,Mumbai,2025-04-04
C0882,Sneha,Male,19,Mumbai,2025-06-26
C0883,Meena,Male,21,Mumbai,2024-08-01
C0884,Arvind,Female,46,Delhi,2026-04-09
C0885,Anjali,Female,48,Delhi,2026-06-20
C0886,Arun,Female,38,Mumbai,2025-12-26
C0887,Anjali,Male,36,Mumbai,2024-12-05
C0888,Karthik,Male,55,Bangalore,2026-04-28
C0889,Karthik,Male,29,Chennai,2026-02-13
C0890,Rahul,Female,19,Ahmedabad,2025-06-10
C0891,Nisha,Female,34,Kolkata,2023-12-14
C0892,Divya,Male,58,Pune,2024-05-10
C0893,Ajay,Female,49,Bangalore,2025-11-15
C0894,Kavya,Female,48,Mumbai,2025-05-02
C0895,Meena,Female,55,Pune,2024-03-04
C0896,Ajay,Male,48,Bangalore,2026-05-15
C0897,Harish,Male,18,Delhi,2024-08-28
C0898,Pooja,Male,29,Delhi,2026-02-19
C0899,Anjali,Male,39,Mumbai,2024-01-11
C0900,Ramesh,Female,51,Chennai,2025-08-26
C0901,Divya,Male,32,Delhi,2025-03-17
C0902,Kavya,Male,29,Kolkata,2024-01-14
C0903,Manoj,Female,50,Hyderabad,2025-12-19
C0904,Karthik,Female,33,Ahmedabad,2025-01-16
C0905,Arvind,Female,38,Ahmedabad,2023-12-05
C0906,Lakshmi,Female,57,Ahmedabad,2024-08-20
C0907,Divya,Female,43,Bangalore,2025-09-28
C0908,Nisha,Female,31,Mumbai,2023-11-18
C0909,Sneha,Male,38,Ahmedabad,2023-11-29
C0910,Suresh,Female,48,Pune,2026-07-18
C0911,Divya,Male,36,Pune,2025-04-08
C0912,Nisha,Female,34,Pune,2024-10-09
C0913,Ramesh,Male,45,Mumbai,2026-05-24
C0914,Arun,Female,57,Pune,2025-09-24
C0915,Lakshmi,Male,41,Mumbai,2025-12-16
C0916,Lakshmi,Female,39,Chennai,2024-04-25
C0917,Pooja,Female,34,Chennai,2024-11-21
C0918,Kavya,Male,50,Hyderabad,2025-07-20
C0919,Ramesh,Female,33,Delhi,2025-07-15
C0920,Manoj,Female,28,Chennai,2024-11-23
C0921,Lakshmi,Male,51,Hyderabad,2024-09-04
C0922,Harish,Female,45,Bangalore,2024-08-04
C0923,Meena,Male,18,Ahmedabad,2024-11-21
C0924,Divya,Male,49,Delhi,2025-08-19
C0925,Priya,Female,59,Hyderabad,2024-09-19
C0926,Harish,Male,35,Mumbai,2025-12-30
C0927,Arvind,Female,40,Mumbai,2025-03-17
C0928,Divya,Male,19,Chennai,2024-04-15
C0929,Meena,Male,42,Hyderabad,2026-06-07
C0930,Kavya,Male,56,Mumbai,2025-07-07
C0931,Harish,Male,39,Hyderabad,2024-12-14
C0932,Priya,Male,51,Chennai,2024-07-08
C0933,Rahul,Male,27,Pune,2024-01-09
C0934,Divya,Male,49,Chennai,2024-12-25
C0935,Karthik,Female,58,Bangalore,2023-12-11
C0936,Keerthana,Female,18,Mumbai,2025-07-21
C0937,Priya,Male,44,Delhi,2024-12-18
C0938,Priya,Male,22,Chennai,2026-06-15
C0939,Lakshmi,Female,33,Mumbai,2024-11-09
C0940,Ajay,Female,28,Pune,2024-03-18
C0941,Ajay,Male,22,Bangalore,2024-12-04
C0942,Kavya,Female,34,Ahmedabad,2025-07-23
C0943,Rahul,Male,52,Ahmedabad,2025-09-29
C0944,Rahul,Male,22,Ahmedabad,2025-06-09
C0945,Priya,Female,23,Delhi,2026-02-19
C0946,Pooja,Female,31,Mumbai,2024-10-27
C0947,Vijay,Male,29,Ahmedabad,2024-02-09
C0948,Sneha,Male,47,Kolkata,2025-08-10
C0949,Priya,Male,34,Hyderabad,2024-09-28
C0950,Anjali,Male,30,Hyderabad,2026-05-07
C0951,Pooja,Female,60,Bangalore,2026-04-10
C0952,Manoj,Male,21,Hyderabad,2026-01-07
C0953,Vijay,Male,48,Hyderabad,2026-03-27
C0954,Arun,Male,21,Chennai,2025-04-05
C0955,Arun,Female,21,Bangalore,2025-06-21
C0956,Nisha,Male,58,Ahmedabad,2025-12-23
C0957,Pooja,Male,53,Bangalore,2024-06-28
C0958,Harish,Female,38,Hyderabad,2026-04-14
C0959,Arvind,Female,52,Hyderabad,2024-08-18
C0960,Harish,Female,49,Kolkata,2025-09-20
C0961,Harish,Female,28,Ahmedabad,2026-02-04
C0962,Ramesh,Female,24,Hyderabad,2026-05-13
C0963,Suresh,Male,36,Chennai,2024-04-22
C0964,Keerthana,Male,28,Ahmedabad,2025-07-17
C0965,Ramesh,Male,20,Pune,2024-01-07
C0966,Pooja,Female,42,Bangalore,2025-04-01
C0967,Karthik,Male,36,Hyderabad,2024-01-19
C0968,Manoj,Female,40,Delhi,2024-05-22
C0969,Meena,Male,50,Hyderabad,2024-11-09
C0970,Manoj,Male,19,Hyderabad,2024-05-17
C0971,Rahul,Male,23,Chennai,2026-03-07
C0972,Sneha,Male,31,Mumbai,2025-07-03
C0973,Suresh,Female,59,Chennai,2024-12-05
C0974,Harish,Female,44,Delhi,2025-11-03
C0975,Meena,Female,24,Delhi,2025-03-24
C0976,Keerthana,Female,22,Mumbai,2024-08-01
C0977,Lakshmi,Female,19,Hyderabad,2025-06-20
C0978,Manoj,Female,49,Hyderabad,2026-04-17
C0979,Meena,Male,29,Bangalore,2025-10-15
C0980,Arun,Female,56,Hyderabad,2025-06-15
C0981,Vijay,Female,36,Pune,2026-03-09
C0982,Karthik,Male,29,Mumbai,2025-07-27
C0983,Lakshmi,Female,51,Chennai,2026-03-04
C0984,Vijay,Male,19,Bangalore,2026-06-07
C0985,Ramesh,Female,26,Mumbai,2025-06-18
C0986,Harish,Female,52,Bangalore,2025-01-19
C0987,Meena,Male,44,Delhi,2024-11-21
C0988,Lakshmi,Male,35,Hyderabad,2024-03-30
C0989,Kavya,Female,40,Mumbai,2024-07-10
C0990,Ajay,Female,46,Bangalore,2026-01-16
C0991,Manoj,Male,47,Mumbai,2024-07-12
C0992,Keerthana,Female,34,Bangalore,2024-12-25
C0993,Pooja,Female,58,Mumbai,2025-12-06
C0994,Manoj,Male,52,Bangalore,2025-08-04
C0995,Meena,Female,60,Hyderabad,2026-05-21
C0996,Sneha,Male,33,Ahmedabad,2024-08-05
C0997,Divya,Male,52,Ahmedabad,2026-07-29
C0998,Priya,Male,34,Hyderabad,2025-03-03
C0999,Pooja,Male,32,Ahmedabad,2024-09-29
C1000,Kavya,Male,24,Hyderabad,2023-11-25
