driver_id,driver_name,vehicle_type,city,experience_years,rating
D0001,Harish,Sedan,Hyderabad,1,3.8
D0002,Prakash,Bike,Kolkata,2,4.2
D0003,Harish,Bike,Ahmedabad,7,4.9
D0004,Harish,Auto,Hyderabad,2,4.4
D0005,Arun,SUV,Hyderabad,1,4.3
D0006,Murugan,Sedan,Pune,11,4.3
D0007,Rajesh,Auto,Hyderabad,13,5.0
D0008,Ramesh,SUV,Ahmedabad,8,4.5
D0009,Ganesh,Sedan,Hyderabad,15,3.9
D0010,Murugan,Auto,Pune,10,4.3
D0011,Vignesh,SUV,Kolkata,14,3.8
D0012,Ramesh,Mini,Ahmedabad,15,5.0
D0013,Saravanan,Mini,Ahmedabad,4,4.0
D0014,Kumar,Sedan,Pune,6,3.6
D0015,Prakash,Sedan,Chennai,2,3.7
D0016,Karthik,Bike,Mumbai,10,3.7
D0017,Lokesh,SUV,Delhi,2,3.9
D0018,Vignesh,Bike,Chennai,1,4.1
D0019,Murugan,Sedan,Bangalore,6,4.8
D0020,Ajith,Bike,Hyderabad,12,4.8
D0021,Sathish,Sedan,Delhi,6,4.6
D0022,Vijay,Mini,Delhi,9,3.7
D0023,Karthik,SUV,Kolkata,3,4.1
D0024,Vijay,Auto,Pune,8,4.1
D0025,Ajith,SUV,Delhi,12,3.8
D0026,Murugan,Mini,Chennai,2,3.7
D0027,Manikandan,Sedan,Mumbai,10,4.6
D0028,Ajith,Sedan,Ahmedabad,11,3.5
D0029,Ganesh,SUV,Chennai,5,4.4
D0030,Sathish,SUV,Hyderabad,11,4.5
D0031,Karthik,Sedan,Ahmedabad,11,3.8
D0032,Ramesh,Sedan,Delhi,10,3.8
D0033,Prakash,SUV,Delhi,6,4.0
D0034,Arun,Mini,Mumbai,8,4.1
D0035,Sathish,Sedan,Pune,9,4.7
D0036,Ravi,Mini,Pune,4,3.8
D0037,Sathish,SUV,Delhi,11,4.8
D0038,Karthik,Sedan,Pune,3,3.6
D0039,Murugan,Sedan,Kolkata,13,4.0
D0040,Manikandan,Auto,Pune,8,4.9
D0041,Manikandan,SUV,Delhi,2,4.3
D0042,Vignesh,Bike,Kolkata,15,5.0
D0043,Ramesh,Sedan,Kolkata,6,3.9
D0044,Arun,Bike,Hyderabad,4,4.5
D0045,Sathish,Bike,Chennai,3,4.4
D0046,Saravanan,Sedan,Ahmedabad,1,3.7
D0047,Suresh,Sedan,Delhi,4,4.4
D0048,Rajesh,Mini,Ahmedabad,1,3.7
D0049,Manikandan,Mini,Bangalore,11,4.1
D0050,Ganesh,SUV,Delhi,1,4.6
D0051,Vijay,Mini,Delhi,9,3.8
D0052,Suresh,Auto,Hyderabad,8,4.7
D0053,Ramesh,Sedan,Hyderabad,8,3.8
D0054,Murugan,Bike,Delhi,9,4.8
D0055,Sathish,Bike,Bangalore,1,4.6
D0056,Prakash,Mini,Kolkata,2,3.6
D0057,Suresh,Bike,Delhi,4,4.3
D0058,Ramesh,Sedan,Mumbai,4,4.5
D0059,Dinesh,Bike,Chennai,7,4.4
D0060,Ganesh,Sedan,Bangalore,10,3.9
D0061,Rajesh,Mini,Ahmedabad,15,4.0
D0062,Ajith,SUV,Mumbai,5,4.0
D0063,Ramesh,Bike,Hyderabad,5,4.7
D0064,Manikandan,Mini,Pune,6,4.6
D0065,Kumar,Bike,Hyderabad,15,4.8
D0066,Rajesh,Sedan,Ahmedabad,4,3.8
D0067,Arun,Sedan,Pune,10,3.8
D0068,Ganesh,SUV,Mumbai,9,4.8
D0069,Ganesh,Bike,Bangalore,14,4.4
D0070,Ravi,Bike,Ahmedabad,13,4.0
D0071,Vijay,Bike,Bangalore,7,4.6
D0072,Ganesh,SUV,Pune,15,4.8
D0073,Arun,Bike,Chennai,15,4.8
D0074,Arun,SUV,Mumbai,7,3.6
D0075,Ramesh,Bike,Pune,10,3.8
D0076,Harish,Bike,Hyderabad,2,4.9
D0077,Sathish,Mini,Pune,13,4.9
D0078,Ajith,SUV,Mumbai,5,4.6
D0079,Vijay,SUV,Pune,3,4.1
D0080,Harish,Bike,Hyderabad,15,4.7
D0081,Ajith,Bike,Bangalore,2,4.7
D0082,Manikandan,Auto,Delhi,14,4.6
D0083,Suresh,Sedan,Hyderabad,8,3.8
D0084,Karthik,Auto,Kolkata,4,4.5
D0085,Lokesh,Auto,Hyderabad,4,4.2
D0086,Harish,Auto,Hyderabad,9,4.3
D0087,Lokesh,Sedan,Kolkata,6,4.3
D0088,Lokesh,Sedan,Delhi,12,4.9
D0089,Ramesh,Bike,Kolkata,15,3.6
D0090,Suresh,Bike,Pune,11,4.2
D0091,Vijay,Mini,Mumbai,4,3.5
D0092,Kumar,Auto,Ahmedabad,10,4.8
D0093,Ramesh,Bike,Mumbai,12,3.8
D0094,Ramesh,Sedan,Ahmedabad,1,3.8
D0095,Prakash,Mini,Kolkata,4,3.7
D0096,Sathish,Bike,Ahmedabad,7,4.2
D0097,Murugan,Mini,Chennai,14,4.5
D0098,Vijay,Auto,Delhi,2,4.1
D0099,Kumar,Sedan,Mumbai,3,4.8
D0100,Harish,Auto,Delhi,14,4.4
D0101,Manikandan,Sedan,Chennai,8,4.5
D0102,Murugan,SUV,Kolkata,1,4.2
D0103,Rajesh,Auto,Bangalore,10,4.9
D0104,Karthik,Bike,Hyderabad,5,3.5
D0105,Rajesh,SUV,Bangalore,3,4.7
D0106,Kumar,Sedan,Pune,6,5.0
D0107,Vignesh,Auto,Hyderabad,15,4.8
D0108,Arun,SUV,Hyderabad,12,4.2
D0109,Dinesh,Bike,Bangalore,5,4.9
D0110,Prakash,Mini,Kolkata,7,4.8
D0111,Sathish,SUV,Ahmedabad,6,4.9
D0112,Harish,Mini,Chennai,3,4.2
D0113,Karthik,Auto,Delhi,13,4.4
D0114,Ravi,SUV,Delhi,6,4.8
D0115,Karthik,Bike,Delhi,7,4.7
D0116,Dinesh,SUV,Bangalore,10,4.8
D0117,Vijay,Sedan,Delhi,5,4.1
D0118,Arun,Sedan,Bangalore,2,4.8
D0119,Arun,SUV,Delhi,11,4.4
D0120,Rajesh,Bike,Pune,14,4.3
D0121,Arun,Mini,Kolkata,4,5.0
D0122,Prakash,Bike,Kolkata,12,4.2
D0123,Ramesh,SUV,Kolkata,14,4.7
D0124,Saravanan,SUV,Hyderabad,5,3.9
D0125,Ravi,Bike,Hyderabad,9,4.7
D0126,Karthik,Bike,Mumbai,14,3.7
D0127,Ramesh,Auto,Bangalore,1,3.7
D0128,Mohan,SUV,Mumbai,6,4.7
D0129,Ravi,Auto,Bangalore,1,4.8
D0130,Harish,Bike,Delhi,1,4.5
D0131,Prakash,Mini,Bangalore,2,4.6
D0132,Dinesh,Auto,Kolkata,5,3.8
D0133,Arun,Auto,Kolkata,10,4.9
D0134,Karthik,Mini,Hyderabad,7,4.4
D0135,Murugan,Mini,Delhi,8,4.5
D0136,Kumar,SUV,Bangalore,5,4.4
D0137,Arun,Mini,Kolkata,4,4.2
D0138,Kumar,Auto,Mumbai,9,4.8
D0139,Manikandan,Bike,Hyderabad,5,5.0
D0140,Rajesh,Mini,Pune,7,3.6
D0141,Kumar,Bike,Bangalore,5,3.9
D0142,Suresh,Auto,Mumbai,6,3.9
D0143,Dinesh,Sedan,Hyderabad,5,4.9
D0144,Rajesh,Auto,Chennai,2,4.8
D0145,Murugan,SUV,Chennai,5,5.0
D0146,Ajith,Sedan,Mumbai,1,4.6
D0147,Saravanan,Mini,Hyderabad,12,4.1
D0148,Prakash,Auto,Mumbai,5,4.2
D0149,Suresh,Sedan,Pune,10,4.0
D0150,Ajith,Bike,Pune,10,3.5
D0151,Ramesh,Auto,Chennai,14,3.6
D0152,Ajith,SUV,Chennai,7,4.2
D0153,Rajesh,Sedan,Chennai,6,5.0
D0154,Vijay,Bike,Pune,12,3.6
D0155,Mohan,Sedan,Hyderabad,6,4.5
D0156,Prakash,SUV,Hyderabad,7,4.3
D0157,Karthik,Sedan,Kolkata,12,3.7
D0158,Dinesh,SUV,Hyderabad,14,3.7
D0159,Vijay,Bike,Kolkata,1,4.2
D0160,Karthik,Sedan,Ahmedabad,11,4.3
D0161,Ganesh,Auto,Bangalore,3,4.6
D0162,Rajesh,Bike,Mumbai,5,3.8
D0163,Saravanan,Bike,Hyderabad,5,4.0
D0164,Ramesh,Auto,Ahmedabad,3,4.4
D0165,Mohan,Bike,Mumbai,10,4.0
D0166,Karthik,Auto,Mumbai,14,4.2
D0167,Vijay,SUV,Chennai,7,3.9
D0168,Ajith,SUV,Ahmedabad,10,4.9
D0169,Ganesh,SUV,Pune,12,4.6
D0170,Murugan,SUV,Ahmedabad,15,4.9
D0171,Sathish,Bike,Mumbai,12,4.8
D0172,Suresh,Sedan,Delhi,10,4.4
D0173,Ravi,SUV,Pune,12,3.7
D0174,Ajith,Auto,Ahmedabad,6,4.5
D0175,Prakash,SUV,Hyderabad,11,4.1
D0176,Sathish,Sedan,Mumbai,13,3.6
D0177,Sathish,Sedan,Pune,15,4.4
D0178,Sathish,SUV,Delhi,15,4.5
D0179,Rajesh,Auto,Chennai,7,4.0
D0180,Kumar,Bike,Chennai,13,3.7
D0181,Arun,Bike,Kolkata,5,4.4
D0182,Ramesh,SUV,Hyderabad,6,4.8
D0183,Lokesh,Bike,Hyderabad,10,4.3
D0184,Ajith,SUV,Hyderabad,10,4.9
D0185,Ravi,Auto,Chennai,12,3.7
D0186,Arun,Sedan,Delhi,7,4.8
D0187,Dinesh,SUV,Pune,10,4.8
D0188,Suresh,Auto,Delhi,2,4.5
D0189,Vijay,Mini,Pune,1,4.9
D0190,Manikandan,Auto,Ahmedabad,6,3.6
D0191,Manikandan,Mini,Pune,14,4.8
D0192,Ganesh,Auto,Hyderabad,10,3.8
D0193,Lokesh,Sedan,Kolkata,5,4.3
D0194,Ramesh,Mini,Delhi,15,4.5
D0195,Suresh,Sedan,Delhi,5,3.6
D0196,Prakash,Auto,Chennai,12,4.4
D0197,Kumar,Sedan,Hyderabad,13,3.9
D0198,Ajith,Bike,Ahmedabad,10,3.5
D0199,Lokesh,Bike,Pune,2,3.6
D0200,Vijay,Bike,Bangalore,1,4.4
D0201,Lokesh,Auto,Hyderabad,4,3.8
D0202,Ramesh,SUV,Delhi,5,3.9
D0203,Manikandan,Sedan,Hyderabad,10,3.7
D0204,Suresh,Bike,Hyderabad,7,3.7
D0205,Ravi,Sedan,Hyderabad,10,4.3
D0206,Vijay,Bike,Pune,14,4.4
D0207,Rajesh,Bike,Kolkata,13,4.9
D0208,Vignesh,SUV,Hyderabad,6,3.9
D0209,Manikandan,Auto,Pune,10,4.0
D0210,Ravi,Bike,Hyderabad,6,3.8
D0211,Prakash,SUV,Bangalore,9,4.3
D0212,Vijay,Bike,Bangalore,3,4.2
D0213,Sathish,Mini,Hyderabad,13,4.0
D0214,Mohan,Bike,Ahmedabad,3,4.3
D0215,Suresh,Bike,Ahmedabad,5,4.4
D0216,Mohan,Bike,Bangalore,6,4.5
D0217,Ravi,Bike,Bangalore,4,4.4
D0218,Karthik,Auto,Delhi,4,4.9
D0219,Harish,Bike,Chennai,4,4.2
D0220,Vijay,Sedan,Mumbai,13,3.5
D0221,Saravanan,Mini,Kolkata,13,3.8
D0222,Harish,SUV,Pune,9,3.9
D0223,Murugan,Mini,Delhi,6,3.6
D0224,Ajith,Auto,Chennai,1,3.6
D0225,Vignesh,Mini,Hyderabad,3,4.9
D0226,Ramesh,SUV,Mumbai,10,3.8
D0227,Dinesh,Mini,Ahmedabad,3,4.5
D0228,Rajesh,SUV,Delhi,6,4.9
D0229,Suresh,Sedan,Bangalore,7,4.1
D0230,Sathish,SUV,Pune,7,4.7
D0231,Sathish,Auto,Chennai,10,5.0
D0232,Dinesh,Sedan,Chennai,8,4.8
D0233,Manikandan,Sedan,Hyderabad,15,3.9
D0234,Sathish,SUV,Bangalore,6,4.0
D0235,Ganesh,Mini,Kolkata,8,3.8
D0236,Ganesh,Sedan,Ahmedabad,8,4.2
D0237,Prakash,Auto,Hyderabad,8,4.2
D0238,Ganesh,Sedan,Ahmedabad,11,4.9
D0239,Vignesh,Mini,Ahmedabad,3,3.6
D0240,Sathish,Bike,Delhi,2,4.2
D0241,Manikandan,Mini,Pune,13,4.4
D0242,Kumar,Auto,Delhi,2,3.5
D0243,Vijay,Sedan,Delhi,2,4.2
D0244,Ganesh,SUV,Kolkata,7,3.6
D0245,Arun,Mini,Pune,13,4.6
D0246,Lokesh,Mini,Bangalore,6,4.7
D0247,Dinesh,Auto,Pune,15,4.6
D0248,Suresh,Bike,Mumbai,14,4.3
D0249,Murugan,Bike,Ahmedabad,9,4.1
D0250,Prakash,Bike,Chennai,14,4.8
D0251,Manikandan,Sedan,Ahmedabad,15,4.6
D0252,Sathish,Sedan,Pune,1,3.5
D0253,Ramesh,SUV,Hyderabad,14,3.5
D0254,Kumar,Bike,Ahmedabad,11,3.6
D0255,Prakash,Sedan,Pune,6,4.5
D0256,Suresh,SUV,Kolkata,13,4.0
D0257,Vijay,Auto,Pune,13,3.5
D0258,Ravi,Sedan,Ahmedabad,15,4.6
D0259,Manikandan,Sedan,Pune,15,3.6
D0260,Suresh,Auto,Hyderabad,5,4.0
D0261,Vijay,Mini,Delhi,11,4.7
D0262,Prakash,Bike,Delhi,14,3.7
D0263,Saravanan,Bike,Pune,11,4.2
D0264,Dinesh,Mini,Pune,15,4.7
D0265,Ravi,Auto,Ahmedabad,12,4.1
D0266,Rajesh,Bike,Chennai,7,4.5
D0267,Vijay,Bike,Hyderabad,3,4.5
D0268,Prakash,Bike,Delhi,12,4.2
D0269,Suresh,Bike,Chennai,4,4.0
D0270,Suresh,Bike,Mumbai,5,3.7
D0271,Arun,Auto,Hyderabad,12,4.0
D0272,Ganesh,Bike,Ahmedabad,13,3.9
D0273,Ramesh,Auto,Pune,9,4.7
D0274,Ganesh,Auto,Mumbai,13,4.6
D0275,Mohan,Auto,Kolkata,8,3.8
D0276,Rajesh,Mini,Kolkata,11,4.0
D0277,Ajith,Mini,Kolkata,13,4.2
D0278,Vignesh,Mini,Hyderabad,7,4.8
D0279,Vignesh,Bike,Mumbai,5,3.6
D0280,Ganesh,SUV,Chennai,9,4.7
D0281,Kumar,SUV,Pune,3,4.7
D0282,Sathish,SUV,Hyderabad,7,3.7
D0283,Harish,Auto,Hyderabad,9,4.6
D0284,Murugan,Sedan,Delhi,2,4.8
D0285,Vijay,Bike,Chennai,5,4.6
D0286,Murugan,Sedan,Kolkata,10,4.8
D0287,Prakash,Bike,Delhi,8,4.2
D0288,Vignesh,Bike,Kolkata,10,4.7
D0289,Saravanan,Sedan,Pune,10,4.7
D0290,Ajith,SUV,Bangalore,1,3.9
D0291,Prakash,Sedan,Chennai,14,4.7
D0292,Arun,SUV,Hyderabad,5,4.7
D0293,Ajith,SUV,Chennai,14,4.1
D0294,Prakash,Mini,Chennai,3,4.0
D0295,Mohan,SUV,Ahmedabad,7,3.7
D0296,Lokesh,Bike,Bangalore,15,4.0
D0297,Mohan,SUV,Mumbai,6,4.2
D0298,Kumar,Mini,Ahmedabad,12,4.0
D0299,Prakash,Auto,Delhi,14,4.9
D0300,Ramesh,Mini,Bangalore,6,4.8
D0301,Prakash,Bike,Pune,1,3.8
D0302,Mohan,Auto,Kolkata,1,4.8
D0303,Suresh,Mini,Hyderabad,6,4.9
D0304,Karthik,Bike,Hyderabad,15,4.1
D0305,Prakash,Mini,Kolkata,12,4.9
D0306,Prakash,Mini,Kolkata,4,3.6
D0307,Ajith,Mini,Pune,7,3.6
D0308,Sathish,Auto,Kolkata,6,3.5
D0309,Mohan,SUV,Chennai,4,4.3
D0310,Karthik,Mini,Hyderabad,1,4.5
D0311,Harish,Sedan,Pune,5,3.6
D0312,Arun,Bike,Chennai,8,4.0
D0313,Arun,SUV,Bangalore,14,4.1
D0314,Ravi,SUV,Hyderabad,5,4.7
D0315,Suresh,Auto,Hyderabad,2,3.7
D0316,Ramesh,Auto,Bangalore,9,4.4
D0317,Karthik,SUV,Chennai,10,4.9
D0318,Ravi,Sedan,Ahmedabad,8,4.6
D0319,Vijay,SUV,Pune,11,3.6
D0320,Arun,Bike,Delhi,15,4.4
D0321,Arun,SUV,Chennai,11,4.3
D0322,Ganesh,Mini,Hyderabad,5,4.4
D0323,Vignesh,Sedan,Bangalore,8,4.4
D0324,Rajesh,Mini,Delhi,5,3.6
D0325,Mohan,Sedan,Hyderabad,4,5.0
D0326,Ramesh,SUV,Pune,4,4.4
D0327,Kumar,SUV,Kolkata,2,4.1
D0328,Dinesh,Auto,Hyderabad,7,4.4
D0329,Vignesh,Bike,Chennai,7,4.5
D0330,Dinesh,SUV,Pune,1,4.2
D0331,Manikandan,Bike,Ahmedabad,1,4.6
D0332,Ravi,SUV,Ahmedabad,7,4.8
D0333,Dinesh,Mini,Chennai,2,3.8
D0334,Kumar,Mini,Hyderabad,7,4.4
D0335,Vijay,Bike,Hyderabad,7,4.0
D0336,Sathish,Sedan,Kolkata,13,4.5
D0337,Prakash,Sedan,Hyderabad,15,4.0
D0338,Kumar,Bike,Hyderabad,15,3.9
D0339,Vijay,Bike,Hyderabad,10,3.8
D0340,Ramesh,Sedan,Delhi,12,4.4
D0341,Manikandan,Auto,Pune,11,4.4
D0342,Prakash,Mini,Ahmedabad,15,3.6
D0343,Sathish,Bike,Bangalore,4,4.4
D0344,Manikandan,Bike,Hyderabad,5,3.9
D0345,Manikandan,Auto,Delhi,4,4.6
D0346,Kumar,SUV,Mumbai,1,4.6
D0347,Manikandan,SUV,Mumbai,9,4.7
D0348,Arun,Sedan,Chennai,11,3.6
D0349,Rajesh,SUV,Delhi,4,4.2
D0350,Lokesh,Bike,Hyderabad,10,4.4
D0351,Ravi,Bike,Kolkata,13,3.8
D0352,Kumar,Sedan,Bangalore,11,3.7
D0353,Manikandan,Mini,Chennai,3,4.1
D0354,Saravanan,Bike,Ahmedabad,12,4.0
D0355,Sathish,Sedan,Delhi,5,3.9
D0356,Prakash,Auto,Ahmedabad,14,3.7
D0357,Ramesh,Mini,Pune,11,3.7
D0358,Vijay,SUV,Kolkata,5,5.0
D0359,Arun,Sedan,Delhi,6,4.3
D0360,Lokesh,Bike,Bangalore,3,4.4
D0361,Vignesh,Mini,Chennai,9,5.0
D0362,Ravi,Auto,Mumbai,11,4.6
D0363,Arun,Mini,Pune,9,4.3
D0364,Ajith,Sedan,Kolkata,2,4.6
D0365,Manikandan,SUV,Ahmedabad,9,4.0
D0366,Vijay,Auto,Hyderabad,6,4.8
D0367,Manikandan,SUV,Kolkata,5,3.7
D0368,Suresh,Bike,Chennai,14,4.7
D0369,Harish,Sedan,Mumbai,6,3.9
D0370,Vignesh,Auto,Bangalore,4,4.7
D0371,Prakash,Auto,Bangalore,15,4.2
D0372,Karthik,Auto,Bangalore,12,4.3
D0373,Vignesh,SUV,Ahmedabad,3,3.6
D0374,Manikandan,Bike,Hyderabad,5,4.0
D0375,Ajith,Sedan,Mumbai,2,4.2
D0376,Mohan,Sedan,Kolkata,8,4.8
D0377,Suresh,Sedan,Chennai,8,4.4
D0378,Ramesh,Auto,Bangalore,13,4.4
D0379,Mohan,Sedan,Chennai,8,3.8
D0380,Dinesh,Bike,Mumbai,2,3.7
D0381,Lokesh,Sedan,Pune,2,3.6
D0382,Ajith,Sedan,Bangalore,5,3.6
D0383,Saravanan,Auto,Hyderabad,3,3.8
D0384,Ravi,Bike,Pune,12,4.1
D0385,Harish,Sedan,Kolkata,5,5.0
D0386,Arun,Auto,Delhi,2,3.9
D0387,Prakash,Sedan,Mumbai,9,3.6
D0388,Lokesh,Sedan,Kolkata,5,4.7
D0389,Mohan,Auto,Hyderabad,6,4.2
D0390,Prakash,Auto,Bangalore,8,4.1
D0391,Arun,Sedan,Mumbai,3,4.2
D0392,Manikandan,Mini,Mumbai,12,3.9
D0393,Prakash,Bike,Chennai,5,3.7
D0394,Karthik,Bike,Chennai,11,4.1
D0395,Harish,Bike,Mumbai,2,3.9
D0396,Kumar,Auto,Bangalore,13,4.7
D0397,Kumar,SUV,Ahmedabad,4,3.7
D0398,Mohan,Sedan,Hyderabad,12,4.0
D0399,Harish,Auto,Chennai,6,3.9
D0400,Rajesh,Bike,Mumbai,11,4.6
D0401,Murugan,Auto,Chennai,1,4.1
D0402,Harish,Auto,Chennai,4,4.8
D0403,Vignesh,Mini,Chennai,7,4.4
D0404,Vignesh,Sedan,Hyderabad,2,4.4
D0405,Vignesh,Sedan,Bangalore,3,4.7
D0406,Ravi,Mini,Chennai,2,5.0
D0407,Ramesh,Sedan,Hyderabad,6,3.8
D0408,Karthik,Mini,Mumbai,6,4.8
D0409,Rajesh,Bike,Hyderabad,9,4.2
D0410,Ganesh,Bike,Ahmedabad,7,4.4
D0411,Dinesh,Mini,Ahmedabad,5,3.9
D0412,Vijay,SUV,Kolkata,8,4.5
D0413,Manikandan,Mini,Kolkata,15,4.3
D0414,Ajith,Bike,Kolkata,3,3.5
D0415,Ganesh,Bike,Pune,5,3.9
D0416,Ajith,Sedan,Ahmedabad,15,3.9
D0417,Murugan,Auto,Kolkata,13,3.8
D0418,Vignesh,SUV,Mumbai,4,4.2
D0419,Ganesh,Sedan,Pune,4,4.5
D0420,Prakash,Auto,Hyderabad,7,4.8
D0421,Ramesh,Auto,Pune,14,4.8
D0422,Lokesh,Mini,Ahmedabad,15,4.6
D0423,Sathish,Mini,Mumbai,4,3.8
D0424,Suresh,Sedan,Hyderabad,3,3.9
D0425,Suresh,Auto,Chennai,8,4.0
D0426,Karthik,Mini,Pune,4,3.7
D0427,Sathish,Mini,Delhi,7,3.6
D0428,Dinesh,SUV,Chennai,6,4.2
D0429,Ganesh,Auto,Hyderabad,13,4.3
D0430,Suresh,Bike,Mumbai,1,3.6
D0431,Dinesh,Bike,Mumbai,1,4.4
D0432,Karthik,SUV,Hyderabad,13,3.7
D0433,Dinesh,Mini,Delhi,1,3.9
D0434,Harish,Auto,Delhi,15,3.7
D0435,Harish,Bike,Ahmedabad,3,4.7
D0436,Lokesh,SUV,Mumbai,1,3.9
D0437,Ravi,Bike,Hyderabad,12,3.7
D0438,Ramesh,SUV,Bangalore,6,3.7
D0439,Kumar,Bike,Chennai,13,3.6
D0440,Vijay,Auto,Kolkata,11,3.9
D0441,Harish,Auto,Pune,2,4.2
D0442,Saravanan,Bike,Ahmedabad,10,4.0
D0443,Prakash,Auto,Delhi,1,4.6
D0444,Vijay,Mini,Bangalore,14,3.9
D0445,Murugan,SUV,Mumbai,6,3.5
D0446,Rajesh,Auto,Delhi,8,3.7
D0447,Vijay,SUV,Kolkata,9,3.6
D0448,Murugan,Sedan,Chennai,15,4.9
D0449,Ramesh,Sedan,Pune,11,4.3
D0450,Vijay,SUV,Pune,1,4.8
D0451,Mohan,Auto,Pune,5,4.3
D0452,Karthik,Bike,Delhi,15,4.9
D0453,Manikandan,Auto,Kolkata,8,3.7
D0454,Ajith,Mini,Chennai,14,4.1
D0455,Mohan,Mini,Bangalore,12,4.6
D0456,Murugan,Sedan,Hyderabad,7,3.9
D0457,Dinesh,Sedan,Delhi,7,3.7
D0458,Mohan,Auto,Kolkata,8,4.0
D0459,Ramesh,Sedan,Ahmedabad,4,3.9
D0460,Manikandan,SUV,Bangalore,14,4.0
D0461,Kumar,Bike,Pune,9,3.7
D0462,Vignesh,Sedan,Mumbai,7,4.5
D0463,Murugan,SUV,Chennai,3,3.6
D0464,Saravanan,Mini,Bangalore,7,4.8
D0465,Vignesh,SUV,Delhi,12,4.2
D0466,Ramesh,Auto,Delhi,5,4.3
D0467,Saravanan,Mini,Bangalore,11,3.6
D0468,Prakash,Mini,Hyderabad,6,4.8
D0469,Prakash,Auto,Hyderabad,7,3.6
D0470,Saravanan,SUV,Pune,7,3.8
D0471,Murugan,Auto,Pune,13,4.5
D0472,Harish,Bike,Ahmedabad,5,4.7
D0473,Vijay,Bike,Hyderabad,9,5.0
D0474,Rajesh,Auto,Bangalore,5,4.3
D0475,Ramesh,Mini,Mumbai,13,3.9
D0476,Sathish,Bike,Pune,10,4.6
D0477,Vijay,Sedan,Ahmedabad,13,4.2
D0478,Saravanan,Mini,Mumbai,7,3.6
D0479,Saravanan,Mini,Mumbai,1,4.3
D0480,Dinesh,SUV,Delhi,8,3.7
D0481,Dinesh,Mini,Kolkata,13,4.0
D0482,Suresh,SUV,Hyderabad,6,4.2
D0483,Suresh,Mini,Chennai,1,4.7
D0484,Karthik,Auto,Ahmedabad,15,4.1
D0485,Ramesh,Mini,Chennai,11,4.3
D0486,Saravanan,Auto,Chennai,8,3.8
D0487,Karthik,Sedan,Bangalore,10,3.6
D0488,Lokesh,Mini,Ahmedabad,1,4.7
D0489,Murugan,Auto,Chennai,2,4.3
D0490,Rajesh,Bike,Chennai,5,5.0
D0491,Saravanan,Auto,Pune,14,5.0
D0492,Sathish,Bike,Mumbai,4,4.9
D0493,Dinesh,Auto,Delhi,12,4.1
D0494,Kumar,Mini,Delhi,3,4.3
D0495,Kumar,Bike,Pune,6,3.7
D0496,Murugan,Sedan,Pune,10,3.8
D0497,Murugan,Sedan,Kolkata,2,4.3
D0498,Lokesh,Bike,Ahmedabad,15,4.7
D0499,Karthik,Auto,Bangalore,8,4.9
D0500,Saravanan,Bike,Hyderabad,3,4.2
